Source,Target,Weight,Season
BELLE,DAVID,,4
BELLE,EMMA,,4
BELLE,HENRY,,4
BELLE,REGINA,,4
BELLE,RUMPLE,,4
BELLE,SNOW,,4
BELLE,HOOK,,4
BELLE,PAN,,4
BELLE,ZELENA,,4
BELLE,PINOCCHIO,,4
BELLE,JIMINY,,4
BELLE,HUNTSMAN,,4
BELLE,RUBY,,4
BELLE,MIRROR,,4
BELLE,GRANNY,,4
BELLE,GRUMPY,,4
BELLE,GEORGE,,4
BELLE,ABIGAIL,,4
BELLE,CINDERELLA,,4
BELLE,THOMAS,,4
BELLE,WHALE,,4
BELLE,GEPPETTO,,4
BELLE,BLUE,,4
BELLE,JEFFERSON,,4
BELLE,MALEFICENT,,4
BELLE,PRINCE_HENRY,,4
BELLE,KING,,4
BELLE,MARTIN,,4
BELLE,MYRNA,,4
BELLE,RUTH,,4
BELLE,MIDAS,,4
BELLE,ZOSO,,4
BELLE,BEALFIRE,,4
BELLE,HORDOR,,4
BELLE,BLIND_WITCH,,4
BELLE,HANSEL,,4
BELLE,GRETEL,,4
BELLE,WOODCUTTER,,4
BELLE,THATCHER,,4
BELLE,STEALTHY,,4
BELLE,LEOPOLD,,4
BELLE,MAURICE,,4
BELLE,NOVA,,4
BELLE,TOMKINS,,4
BELLE,PETER,,4
BELLE,DANIEL,,4
BELLE,CORA,,4
BELLE,AURORA,,4
BELLE,MULAN,,4
BELLE,PRINCE_PHILIP,,4
BELLE,WRAITH,,4
BELLE,LANCELOT,,4
BELLE,MILAH,,4
BELLE,SMEE,,4
BELLE,IGOR,,4
BELLE,VICTOR_FRANKENSTEIN,,4
BELLE,ANTON,,4
BELLE,ANITA_LUCAS,,4
BELLE,QUINN,,4
BELLE,CLAUDE,,4
BELLE,GREG_MENDELL,,4
BELLE,ALPHONSE_FRANKENSTEIN,,4
BELLE,GERHARDT_FRANKENSTEIN,,4
BELLE,ABRAHAM,,4
BELLE,ARLO,,4
BELLE,JACK,,4
BELLE,SEER,,4
BELLE,QUEEN_EVA,,4
BELLE,JOHANNA,,4
BELLE,TAMARA,,4
BELLE,KING_XAVIER,,4
BELLE,KURT_FLYNN,,4
BELLE,THE_DRAGON,,4
BELLE,SHERIFF_OF_NOTTINGHAM,,4
BELLE,MARIAN,,4
BELLE,ROBIN_HOOD,,4
BELLE,JOHN_DARLING,,4
BELLE,MICHAEL_DARLING,,4
BELLE,THE_SHADOW,,4
BELLE,WENDY,,4
BELLE,FELIX,,4
BELLE,TINKER_BELL,,4
BELLE,LIAM,,4
BELLE,DEVIN,,4
BELLE,ARIEL,,4
BELLE,URSULA,,4
BELLE,PRINCE_ERIC,,4
BELLE,ADOPTION_AGENT,,4
BELLE,MALCOLM,,4
BELLE,SHADOW,,4
BELLE,WALSH,,4
BELLE,RAPUNZEL,,4
BELLE,LUMIERE,,4
BELLE,BLACK_BEARD,,4
BELLE,JONATHAN,,4
BELLE,PRINCE_LEOPOLD,,4
BELLE,GLINDA,,4
BELLE,DOROTHY,,4
BELLE,ANNA,,4
BELLE,GERDA,,4
BELLE,GRAND_PABBIE,,4
BELLE,KRISTOFF,,4
BELLE,SVEN,,4
BELLE,BO_PEEP,,4
BELLE,INGRID,,4
BELLE,HANS,,4
BELLE,WILL_SCARLET,,4
BELLE,APPRENTICE,,4
BELLE,LILY_PAGE,,4
BELLE,LILYS_ADOPTIVE_FATHER,,4
BELLE,COLETTE,,4
BELLE,DUKE_OF_WESELTON,,4
BELLE,HELGA,,4
BELLE,MADAME_FAUSTINA,,4
BELLE,CRUELLA_DE_VIL,,4
BELLE,KING_STEFAN,,4
BELLE,POSEIDON,,4
BELLE,ISAAC_HELLER,,4
BELLE,MADELINE,,4
BELLE,MERLIN,,4
DAVID,EMMA,,4
DAVID,HENRY,,4
DAVID,REGINA,,4
DAVID,RUMPLE,,4
DAVID,SNOW,,4
DAVID,HOOK,,4
DAVID,PAN,,4
DAVID,ZELENA,,4
DAVID,PINOCCHIO,,4
DAVID,JIMINY,,4
DAVID,HUNTSMAN,,4
DAVID,RUBY,,4
DAVID,MIRROR,,4
DAVID,GRANNY,,4
DAVID,GRUMPY,,4
DAVID,GEORGE,,4
DAVID,ABIGAIL,,4
DAVID,CINDERELLA,,4
DAVID,THOMAS,,4
DAVID,WHALE,,4
DAVID,GEPPETTO,,4
DAVID,BLUE,,4
DAVID,JEFFERSON,,4
DAVID,MALEFICENT,,4
DAVID,PRINCE_HENRY,,4
DAVID,KING,,4
DAVID,MARTIN,,4
DAVID,MYRNA,,4
DAVID,RUTH,,4
DAVID,MIDAS,,4
DAVID,ZOSO,,4
DAVID,BEALFIRE,,4
DAVID,HORDOR,,4
DAVID,BLIND_WITCH,,4
DAVID,HANSEL,,4
DAVID,GRETEL,,4
DAVID,WOODCUTTER,,4
DAVID,THATCHER,,4
DAVID,STEALTHY,,4
DAVID,LEOPOLD,,4
DAVID,MAURICE,,4
DAVID,NOVA,,4
DAVID,TOMKINS,,4
DAVID,PETER,,4
DAVID,DANIEL,,4
DAVID,CORA,,4
DAVID,AURORA,,4
DAVID,MULAN,,4
DAVID,PRINCE_PHILIP,,4
DAVID,WRAITH,,4
DAVID,LANCELOT,,4
DAVID,MILAH,,4
DAVID,SMEE,,4
DAVID,IGOR,,4
DAVID,VICTOR_FRANKENSTEIN,,4
DAVID,ANTON,,4
DAVID,ANITA_LUCAS,,4
DAVID,QUINN,,4
DAVID,CLAUDE,,4
DAVID,GREG_MENDELL,,4
DAVID,ALPHONSE_FRANKENSTEIN,,4
DAVID,GERHARDT_FRANKENSTEIN,,4
DAVID,ABRAHAM,,4
DAVID,ARLO,,4
DAVID,JACK,,4
DAVID,SEER,,4
DAVID,QUEEN_EVA,,4
DAVID,JOHANNA,,4
DAVID,TAMARA,,4
DAVID,KING_XAVIER,,4
DAVID,KURT_FLYNN,,4
DAVID,THE_DRAGON,,4
DAVID,SHERIFF_OF_NOTTINGHAM,,4
DAVID,MARIAN,,4
DAVID,ROBIN_HOOD,,4
DAVID,JOHN_DARLING,,4
DAVID,MICHAEL_DARLING,,4
DAVID,THE_SHADOW,,4
DAVID,WENDY,,4
DAVID,FELIX,,4
DAVID,TINKER_BELL,,4
DAVID,LIAM,,4
DAVID,DEVIN,,4
DAVID,ARIEL,,4
DAVID,URSULA,,4
DAVID,PRINCE_ERIC,,4
DAVID,ADOPTION_AGENT,,4
DAVID,MALCOLM,,4
DAVID,SHADOW,,4
DAVID,WALSH,,4
DAVID,RAPUNZEL,,4
DAVID,LUMIERE,,4
DAVID,BLACK_BEARD,,4
DAVID,JONATHAN,,4
DAVID,PRINCE_LEOPOLD,,4
DAVID,GLINDA,,4
DAVID,DOROTHY,,4
DAVID,ANNA,,4
DAVID,GERDA,,4
DAVID,GRAND_PABBIE,,4
DAVID,KRISTOFF,,4
DAVID,SVEN,,4
DAVID,BO_PEEP,,4
DAVID,INGRID,,4
DAVID,HANS,,4
DAVID,WILL_SCARLET,,4
DAVID,APPRENTICE,,4
DAVID,LILY_PAGE,,4
DAVID,LILYS_ADOPTIVE_FATHER,,4
DAVID,COLETTE,,4
DAVID,DUKE_OF_WESELTON,,4
DAVID,HELGA,,4
DAVID,MADAME_FAUSTINA,,4
DAVID,CRUELLA_DE_VIL,,4
DAVID,KING_STEFAN,,4
DAVID,POSEIDON,,4
DAVID,ISAAC_HELLER,,4
DAVID,MADELINE,,4
DAVID,MERLIN,,4
EMMA,HENRY,,4
EMMA,REGINA,,4
EMMA,RUMPLE,,4
EMMA,SNOW,,4
EMMA,HOOK,,4
EMMA,PAN,,4
EMMA,ZELENA,,4
EMMA,PINOCCHIO,,4
EMMA,JIMINY,,4
EMMA,HUNTSMAN,,4
EMMA,RUBY,,4
EMMA,MIRROR,,4
EMMA,GRANNY,,4
EMMA,GRUMPY,,4
EMMA,GEORGE,,4
EMMA,ABIGAIL,,4
EMMA,CINDERELLA,,4
EMMA,THOMAS,,4
EMMA,WHALE,,4
EMMA,GEPPETTO,,4
EMMA,BLUE,,4
EMMA,JEFFERSON,,4
EMMA,MALEFICENT,,4
EMMA,PRINCE_HENRY,,4
EMMA,KING,,4
EMMA,MARTIN,,4
EMMA,MYRNA,,4
EMMA,RUTH,,4
EMMA,MIDAS,,4
EMMA,ZOSO,,4
EMMA,BEALFIRE,,4
EMMA,HORDOR,,4
EMMA,BLIND_WITCH,,4
EMMA,HANSEL,,4
EMMA,GRETEL,,4
EMMA,WOODCUTTER,,4
EMMA,THATCHER,,4
EMMA,STEALTHY,,4
EMMA,LEOPOLD,,4
EMMA,MAURICE,,4
EMMA,NOVA,,4
EMMA,TOMKINS,,4
EMMA,PETER,,4
EMMA,DANIEL,,4
EMMA,CORA,,4
EMMA,AURORA,,4
EMMA,MULAN,,4
EMMA,PRINCE_PHILIP,,4
EMMA,WRAITH,,4
EMMA,LANCELOT,,4
EMMA,MILAH,,4
EMMA,SMEE,,4
EMMA,IGOR,,4
EMMA,VICTOR_FRANKENSTEIN,,4
EMMA,ANTON,,4
EMMA,ANITA_LUCAS,,4
EMMA,QUINN,,4
EMMA,CLAUDE,,4
EMMA,GREG_MENDELL,,4
EMMA,ALPHONSE_FRANKENSTEIN,,4
EMMA,GERHARDT_FRANKENSTEIN,,4
EMMA,ABRAHAM,,4
EMMA,ARLO,,4
EMMA,JACK,,4
EMMA,SEER,,4
EMMA,QUEEN_EVA,,4
EMMA,JOHANNA,,4
EMMA,TAMARA,,4
EMMA,KING_XAVIER,,4
EMMA,KURT_FLYNN,,4
EMMA,THE_DRAGON,,4
EMMA,SHERIFF_OF_NOTTINGHAM,,4
EMMA,MARIAN,,4
EMMA,ROBIN_HOOD,,4
EMMA,JOHN_DARLING,,4
EMMA,MICHAEL_DARLING,,4
EMMA,THE_SHADOW,,4
EMMA,WENDY,,4
EMMA,FELIX,,4
EMMA,TINKER_BELL,,4
EMMA,LIAM,,4
EMMA,DEVIN,,4
EMMA,ARIEL,,4
EMMA,URSULA,,4
EMMA,PRINCE_ERIC,,4
EMMA,ADOPTION_AGENT,,4
EMMA,MALCOLM,,4
EMMA,SHADOW,,4
EMMA,WALSH,,4
EMMA,RAPUNZEL,,4
EMMA,LUMIERE,,4
EMMA,BLACK_BEARD,,4
EMMA,JONATHAN,,4
EMMA,PRINCE_LEOPOLD,,4
EMMA,GLINDA,,4
EMMA,DOROTHY,,4
EMMA,ANNA,,4
EMMA,GERDA,,4
EMMA,GRAND_PABBIE,,4
EMMA,KRISTOFF,,4
EMMA,SVEN,,4
EMMA,BO_PEEP,,4
EMMA,INGRID,,4
EMMA,HANS,,4
EMMA,WILL_SCARLET,,4
EMMA,APPRENTICE,,4
EMMA,LILY_PAGE,,4
EMMA,LILYS_ADOPTIVE_FATHER,,4
EMMA,COLETTE,,4
EMMA,DUKE_OF_WESELTON,,4
EMMA,HELGA,,4
EMMA,MADAME_FAUSTINA,,4
EMMA,CRUELLA_DE_VIL,,4
EMMA,KING_STEFAN,,4
EMMA,POSEIDON,,4
EMMA,ISAAC_HELLER,,4
EMMA,MADELINE,,4
EMMA,MERLIN,,4
HENRY,REGINA,,4
HENRY,RUMPLE,,4
HENRY,SNOW,,4
HENRY,HOOK,,4
HENRY,PAN,,4
HENRY,ZELENA,,4
HENRY,PINOCCHIO,,4
HENRY,JIMINY,,4
HENRY,HUNTSMAN,,4
HENRY,RUBY,,4
HENRY,MIRROR,,4
HENRY,GRANNY,,4
HENRY,GRUMPY,,4
HENRY,GEORGE,,4
HENRY,ABIGAIL,,4
HENRY,CINDERELLA,,4
HENRY,THOMAS,,4
HENRY,WHALE,,4
HENRY,GEPPETTO,,4
HENRY,BLUE,,4
HENRY,JEFFERSON,,4
HENRY,MALEFICENT,,4
HENRY,PRINCE_HENRY,,4
HENRY,KING,,4
HENRY,MARTIN,,4
HENRY,MYRNA,,4
HENRY,RUTH,,4
HENRY,MIDAS,,4
HENRY,ZOSO,,4
HENRY,BEALFIRE,,4
HENRY,HORDOR,,4
HENRY,BLIND_WITCH,,4
HENRY,HANSEL,,4
HENRY,GRETEL,,4
HENRY,WOODCUTTER,,4
HENRY,THATCHER,,4
HENRY,STEALTHY,,4
HENRY,LEOPOLD,,4
HENRY,MAURICE,,4
HENRY,NOVA,,4
HENRY,TOMKINS,,4
HENRY,PETER,,4
HENRY,DANIEL,,4
HENRY,CORA,,4
HENRY,AURORA,,4
HENRY,MULAN,,4
HENRY,PRINCE_PHILIP,,4
HENRY,WRAITH,,4
HENRY,LANCELOT,,4
HENRY,MILAH,,4
HENRY,SMEE,,4
HENRY,IGOR,,4
HENRY,VICTOR_FRANKENSTEIN,,4
HENRY,ANTON,,4
HENRY,ANITA_LUCAS,,4
HENRY,QUINN,,4
HENRY,CLAUDE,,4
HENRY,GREG_MENDELL,,4
HENRY,ALPHONSE_FRANKENSTEIN,,4
HENRY,GERHARDT_FRANKENSTEIN,,4
HENRY,ABRAHAM,,4
HENRY,ARLO,,4
HENRY,JACK,,4
HENRY,SEER,,4
HENRY,QUEEN_EVA,,4
HENRY,JOHANNA,,4
HENRY,TAMARA,,4
HENRY,KING_XAVIER,,4
HENRY,KURT_FLYNN,,4
HENRY,THE_DRAGON,,4
HENRY,SHERIFF_OF_NOTTINGHAM,,4
HENRY,MARIAN,,4
HENRY,ROBIN_HOOD,,4
HENRY,JOHN_DARLING,,4
HENRY,MICHAEL_DARLING,,4
HENRY,THE_SHADOW,,4
HENRY,WENDY,,4
HENRY,FELIX,,4
HENRY,TINKER_BELL,,4
HENRY,LIAM,,4
HENRY,DEVIN,,4
HENRY,ARIEL,,4
HENRY,URSULA,,4
HENRY,PRINCE_ERIC,,4
HENRY,ADOPTION_AGENT,,4
HENRY,MALCOLM,,4
HENRY,SHADOW,,4
HENRY,WALSH,,4
HENRY,RAPUNZEL,,4
HENRY,LUMIERE,,4
HENRY,BLACK_BEARD,,4
HENRY,JONATHAN,,4
HENRY,PRINCE_LEOPOLD,,4
HENRY,GLINDA,,4
HENRY,DOROTHY,,4
HENRY,ANNA,,4
HENRY,GERDA,,4
HENRY,GRAND_PABBIE,,4
HENRY,KRISTOFF,,4
HENRY,SVEN,,4
HENRY,BO_PEEP,,4
HENRY,INGRID,,4
HENRY,HANS,,4
HENRY,WILL_SCARLET,,4
HENRY,APPRENTICE,,4
HENRY,LILY_PAGE,,4
HENRY,LILYS_ADOPTIVE_FATHER,,4
HENRY,COLETTE,,4
HENRY,DUKE_OF_WESELTON,,4
HENRY,HELGA,,4
HENRY,MADAME_FAUSTINA,,4
HENRY,CRUELLA_DE_VIL,,4
HENRY,KING_STEFAN,,4
HENRY,POSEIDON,,4
HENRY,ISAAC_HELLER,,4
HENRY,MADELINE,,4
HENRY,MERLIN,,4
REGINA,RUMPLE,,4
REGINA,SNOW,,4
REGINA,HOOK,,4
REGINA,PAN,,4
REGINA,ZELENA,,4
REGINA,PINOCCHIO,,4
REGINA,JIMINY,,4
REGINA,HUNTSMAN,,4
REGINA,RUBY,,4
REGINA,MIRROR,,4
REGINA,GRANNY,,4
REGINA,GRUMPY,,4
REGINA,GEORGE,,4
REGINA,ABIGAIL,,4
REGINA,CINDERELLA,,4
REGINA,THOMAS,,4
REGINA,WHALE,,4
REGINA,GEPPETTO,,4
REGINA,BLUE,,4
REGINA,JEFFERSON,,4
REGINA,MALEFICENT,,4
REGINA,PRINCE_HENRY,,4
REGINA,KING,,4
REGINA,MARTIN,,4
REGINA,MYRNA,,4
REGINA,RUTH,,4
REGINA,MIDAS,,4
REGINA,ZOSO,,4
REGINA,BEALFIRE,,4
REGINA,HORDOR,,4
REGINA,BLIND_WITCH,,4
REGINA,HANSEL,,4
REGINA,GRETEL,,4
REGINA,WOODCUTTER,,4
REGINA,THATCHER,,4
REGINA,STEALTHY,,4
REGINA,LEOPOLD,,4
REGINA,MAURICE,,4
REGINA,NOVA,,4
REGINA,TOMKINS,,4
REGINA,PETER,,4
REGINA,DANIEL,,4
REGINA,CORA,,4
REGINA,AURORA,,4
REGINA,MULAN,,4
REGINA,PRINCE_PHILIP,,4
REGINA,WRAITH,,4
REGINA,LANCELOT,,4
REGINA,MILAH,,4
REGINA,SMEE,,4
REGINA,IGOR,,4
REGINA,VICTOR_FRANKENSTEIN,,4
REGINA,ANTON,,4
REGINA,ANITA_LUCAS,,4
REGINA,QUINN,,4
REGINA,CLAUDE,,4
REGINA,GREG_MENDELL,,4
REGINA,ALPHONSE_FRANKENSTEIN,,4
REGINA,GERHARDT_FRANKENSTEIN,,4
REGINA,ABRAHAM,,4
REGINA,ARLO,,4
REGINA,JACK,,4
REGINA,SEER,,4
REGINA,QUEEN_EVA,,4
REGINA,JOHANNA,,4
REGINA,TAMARA,,4
REGINA,KING_XAVIER,,4
REGINA,KURT_FLYNN,,4
REGINA,THE_DRAGON,,4
REGINA,SHERIFF_OF_NOTTINGHAM,,4
REGINA,MARIAN,,4
REGINA,ROBIN_HOOD,,4
REGINA,JOHN_DARLING,,4
REGINA,MICHAEL_DARLING,,4
REGINA,THE_SHADOW,,4
REGINA,WENDY,,4
REGINA,FELIX,,4
REGINA,TINKER_BELL,,4
REGINA,LIAM,,4
REGINA,DEVIN,,4
REGINA,ARIEL,,4
REGINA,URSULA,,4
REGINA,PRINCE_ERIC,,4
REGINA,ADOPTION_AGENT,,4
REGINA,MALCOLM,,4
REGINA,SHADOW,,4
REGINA,WALSH,,4
REGINA,RAPUNZEL,,4
REGINA,LUMIERE,,4
REGINA,BLACK_BEARD,,4
REGINA,JONATHAN,,4
REGINA,PRINCE_LEOPOLD,,4
REGINA,GLINDA,,4
REGINA,DOROTHY,,4
REGINA,ANNA,,4
REGINA,GERDA,,4
REGINA,GRAND_PABBIE,,4
REGINA,KRISTOFF,,4
REGINA,SVEN,,4
REGINA,BO_PEEP,,4
REGINA,INGRID,,4
REGINA,HANS,,4
REGINA,WILL_SCARLET,,4
REGINA,APPRENTICE,,4
REGINA,LILY_PAGE,,4
REGINA,LILYS_ADOPTIVE_FATHER,,4
REGINA,COLETTE,,4
REGINA,DUKE_OF_WESELTON,,4
REGINA,HELGA,,4
REGINA,MADAME_FAUSTINA,,4
REGINA,CRUELLA_DE_VIL,,4
REGINA,KING_STEFAN,,4
REGINA,POSEIDON,,4
REGINA,ISAAC_HELLER,,4
REGINA,MADELINE,,4
REGINA,MERLIN,,4
RUMPLE,SNOW,,4
RUMPLE,HOOK,,4
RUMPLE,PAN,,4
RUMPLE,ZELENA,,4
RUMPLE,PINOCCHIO,,4
RUMPLE,JIMINY,,4
RUMPLE,HUNTSMAN,,4
RUMPLE,RUBY,,4
RUMPLE,MIRROR,,4
RUMPLE,GRANNY,,4
RUMPLE,GRUMPY,,4
RUMPLE,GEORGE,,4
RUMPLE,ABIGAIL,,4
RUMPLE,CINDERELLA,,4
RUMPLE,THOMAS,,4
RUMPLE,WHALE,,4
RUMPLE,GEPPETTO,,4
RUMPLE,BLUE,,4
RUMPLE,JEFFERSON,,4
RUMPLE,MALEFICENT,,4
RUMPLE,PRINCE_HENRY,,4
RUMPLE,KING,,4
RUMPLE,MARTIN,,4
RUMPLE,MYRNA,,4
RUMPLE,RUTH,,4
RUMPLE,MIDAS,,4
RUMPLE,ZOSO,,4
RUMPLE,BEALFIRE,,4
RUMPLE,HORDOR,,4
RUMPLE,BLIND_WITCH,,4
RUMPLE,HANSEL,,4
RUMPLE,GRETEL,,4
RUMPLE,WOODCUTTER,,4
RUMPLE,THATCHER,,4
RUMPLE,STEALTHY,,4
RUMPLE,LEOPOLD,,4
RUMPLE,MAURICE,,4
RUMPLE,NOVA,,4
RUMPLE,TOMKINS,,4
RUMPLE,PETER,,4
RUMPLE,DANIEL,,4
RUMPLE,CORA,,4
RUMPLE,AURORA,,4
RUMPLE,MULAN,,4
RUMPLE,PRINCE_PHILIP,,4
RUMPLE,WRAITH,,4
RUMPLE,LANCELOT,,4
RUMPLE,MILAH,,4
RUMPLE,SMEE,,4
RUMPLE,IGOR,,4
RUMPLE,VICTOR_FRANKENSTEIN,,4
RUMPLE,ANTON,,4
RUMPLE,ANITA_LUCAS,,4
RUMPLE,QUINN,,4
RUMPLE,CLAUDE,,4
RUMPLE,GREG_MENDELL,,4
RUMPLE,ALPHONSE_FRANKENSTEIN,,4
RUMPLE,GERHARDT_FRANKENSTEIN,,4
RUMPLE,ABRAHAM,,4
RUMPLE,ARLO,,4
RUMPLE,JACK,,4
RUMPLE,SEER,,4
RUMPLE,QUEEN_EVA,,4
RUMPLE,JOHANNA,,4
RUMPLE,TAMARA,,4
RUMPLE,KING_XAVIER,,4
RUMPLE,KURT_FLYNN,,4
RUMPLE,THE_DRAGON,,4
RUMPLE,SHERIFF_OF_NOTTINGHAM,,4
RUMPLE,MARIAN,,4
RUMPLE,ROBIN_HOOD,,4
RUMPLE,JOHN_DARLING,,4
RUMPLE,MICHAEL_DARLING,,4
RUMPLE,THE_SHADOW,,4
RUMPLE,WENDY,,4
RUMPLE,FELIX,,4
RUMPLE,TINKER_BELL,,4
RUMPLE,LIAM,,4
RUMPLE,DEVIN,,4
RUMPLE,ARIEL,,4
RUMPLE,URSULA,,4
RUMPLE,PRINCE_ERIC,,4
RUMPLE,ADOPTION_AGENT,,4
RUMPLE,MALCOLM,,4
RUMPLE,SHADOW,,4
RUMPLE,WALSH,,4
RUMPLE,RAPUNZEL,,4
RUMPLE,LUMIERE,,4
RUMPLE,BLACK_BEARD,,4
RUMPLE,JONATHAN,,4
RUMPLE,PRINCE_LEOPOLD,,4
RUMPLE,GLINDA,,4
RUMPLE,DOROTHY,,4
RUMPLE,ANNA,,4
RUMPLE,GERDA,,4
RUMPLE,GRAND_PABBIE,,4
RUMPLE,KRISTOFF,,4
RUMPLE,SVEN,,4
RUMPLE,BO_PEEP,,4
RUMPLE,INGRID,,4
RUMPLE,HANS,,4
RUMPLE,WILL_SCARLET,,4
RUMPLE,APPRENTICE,,4
RUMPLE,LILY_PAGE,,4
RUMPLE,LILYS_ADOPTIVE_FATHER,,4
RUMPLE,COLETTE,,4
RUMPLE,DUKE_OF_WESELTON,,4
RUMPLE,HELGA,,4
RUMPLE,MADAME_FAUSTINA,,4
RUMPLE,CRUELLA_DE_VIL,,4
RUMPLE,KING_STEFAN,,4
RUMPLE,POSEIDON,,4
RUMPLE,ISAAC_HELLER,,4
RUMPLE,MADELINE,,4
RUMPLE,MERLIN,,4
SNOW,HOOK,,4
SNOW,PAN,,4
SNOW,ZELENA,,4
SNOW,PINOCCHIO,,4
SNOW,JIMINY,,4
SNOW,HUNTSMAN,,4
SNOW,RUBY,,4
SNOW,MIRROR,,4
SNOW,GRANNY,,4
SNOW,GRUMPY,,4
SNOW,GEORGE,,4
SNOW,ABIGAIL,,4
SNOW,CINDERELLA,,4
SNOW,THOMAS,,4
SNOW,WHALE,,4
SNOW,GEPPETTO,,4
SNOW,BLUE,,4
SNOW,JEFFERSON,,4
SNOW,MALEFICENT,,4
SNOW,PRINCE_HENRY,,4
SNOW,KING,,4
SNOW,MARTIN,,4
SNOW,MYRNA,,4
SNOW,RUTH,,4
SNOW,MIDAS,,4
SNOW,ZOSO,,4
SNOW,BEALFIRE,,4
SNOW,HORDOR,,4
SNOW,BLIND_WITCH,,4
SNOW,HANSEL,,4
SNOW,GRETEL,,4
SNOW,WOODCUTTER,,4
SNOW,THATCHER,,4
SNOW,STEALTHY,,4
SNOW,LEOPOLD,,4
SNOW,MAURICE,,4
SNOW,NOVA,,4
SNOW,TOMKINS,,4
SNOW,PETER,,4
SNOW,DANIEL,,4
SNOW,CORA,,4
SNOW,AURORA,,4
SNOW,MULAN,,4
SNOW,PRINCE_PHILIP,,4
SNOW,WRAITH,,4
SNOW,LANCELOT,,4
SNOW,MILAH,,4
SNOW,SMEE,,4
SNOW,IGOR,,4
SNOW,VICTOR_FRANKENSTEIN,,4
SNOW,ANTON,,4
SNOW,ANITA_LUCAS,,4
SNOW,QUINN,,4
SNOW,CLAUDE,,4
SNOW,GREG_MENDELL,,4
SNOW,ALPHONSE_FRANKENSTEIN,,4
SNOW,GERHARDT_FRANKENSTEIN,,4
SNOW,ABRAHAM,,4
SNOW,ARLO,,4
SNOW,JACK,,4
SNOW,SEER,,4
SNOW,QUEEN_EVA,,4
SNOW,JOHANNA,,4
SNOW,TAMARA,,4
SNOW,KING_XAVIER,,4
SNOW,KURT_FLYNN,,4
SNOW,THE_DRAGON,,4
SNOW,SHERIFF_OF_NOTTINGHAM,,4
SNOW,MARIAN,,4
SNOW,ROBIN_HOOD,,4
SNOW,JOHN_DARLING,,4
SNOW,MICHAEL_DARLING,,4
SNOW,THE_SHADOW,,4
SNOW,WENDY,,4
SNOW,FELIX,,4
SNOW,TINKER_BELL,,4
SNOW,LIAM,,4
SNOW,DEVIN,,4
SNOW,ARIEL,,4
SNOW,URSULA,,4
SNOW,PRINCE_ERIC,,4
SNOW,ADOPTION_AGENT,,4
SNOW,MALCOLM,,4
SNOW,SHADOW,,4
SNOW,WALSH,,4
SNOW,RAPUNZEL,,4
SNOW,LUMIERE,,4
SNOW,BLACK_BEARD,,4
SNOW,JONATHAN,,4
SNOW,PRINCE_LEOPOLD,,4
SNOW,GLINDA,,4
SNOW,DOROTHY,,4
SNOW,ANNA,,4
SNOW,GERDA,,4
SNOW,GRAND_PABBIE,,4
SNOW,KRISTOFF,,4
SNOW,SVEN,,4
SNOW,BO_PEEP,,4
SNOW,INGRID,,4
SNOW,HANS,,4
SNOW,WILL_SCARLET,,4
SNOW,APPRENTICE,,4
SNOW,LILY_PAGE,,4
SNOW,LILYS_ADOPTIVE_FATHER,,4
SNOW,COLETTE,,4
SNOW,DUKE_OF_WESELTON,,4
SNOW,HELGA,,4
SNOW,MADAME_FAUSTINA,,4
SNOW,CRUELLA_DE_VIL,,4
SNOW,KING_STEFAN,,4
SNOW,POSEIDON,,4
SNOW,ISAAC_HELLER,,4
SNOW,MADELINE,,4
SNOW,MERLIN,,4
HOOK,PAN,,4
HOOK,ZELENA,,4
HOOK,PINOCCHIO,,4
HOOK,JIMINY,,4
HOOK,HUNTSMAN,,4
HOOK,RUBY,,4
HOOK,MIRROR,,4
HOOK,GRANNY,,4
HOOK,GRUMPY,,4
HOOK,GEORGE,,4
HOOK,ABIGAIL,,4
HOOK,CINDERELLA,,4
HOOK,THOMAS,,4
HOOK,WHALE,,4
HOOK,GEPPETTO,,4
HOOK,BLUE,,4
HOOK,JEFFERSON,,4
HOOK,MALEFICENT,,4
HOOK,PRINCE_HENRY,,4
HOOK,KING,,4
HOOK,MARTIN,,4
HOOK,MYRNA,,4
HOOK,RUTH,,4
HOOK,MIDAS,,4
HOOK,ZOSO,,4
HOOK,BEALFIRE,,4
HOOK,HORDOR,,4
HOOK,BLIND_WITCH,,4
HOOK,HANSEL,,4
HOOK,GRETEL,,4
HOOK,WOODCUTTER,,4
HOOK,THATCHER,,4
HOOK,STEALTHY,,4
HOOK,LEOPOLD,,4
HOOK,MAURICE,,4
HOOK,NOVA,,4
HOOK,TOMKINS,,4
HOOK,PETER,,4
HOOK,DANIEL,,4
HOOK,CORA,,4
HOOK,AURORA,,4
HOOK,MULAN,,4
HOOK,PRINCE_PHILIP,,4
HOOK,WRAITH,,4
HOOK,LANCELOT,,4
HOOK,MILAH,,4
HOOK,SMEE,,4
HOOK,IGOR,,4
HOOK,VICTOR_FRANKENSTEIN,,4
HOOK,ANTON,,4
HOOK,ANITA_LUCAS,,4
HOOK,QUINN,,4
HOOK,CLAUDE,,4
HOOK,GREG_MENDELL,,4
HOOK,ALPHONSE_FRANKENSTEIN,,4
HOOK,GERHARDT_FRANKENSTEIN,,4
HOOK,ABRAHAM,,4
HOOK,ARLO,,4
HOOK,JACK,,4
HOOK,SEER,,4
HOOK,QUEEN_EVA,,4
HOOK,JOHANNA,,4
HOOK,TAMARA,,4
HOOK,KING_XAVIER,,4
HOOK,KURT_FLYNN,,4
HOOK,THE_DRAGON,,4
HOOK,SHERIFF_OF_NOTTINGHAM,,4
HOOK,MARIAN,,4
HOOK,ROBIN_HOOD,,4
HOOK,JOHN_DARLING,,4
HOOK,MICHAEL_DARLING,,4
HOOK,THE_SHADOW,,4
HOOK,WENDY,,4
HOOK,FELIX,,4
HOOK,TINKER_BELL,,4
HOOK,LIAM,,4
HOOK,DEVIN,,4
HOOK,ARIEL,,4
HOOK,URSULA,,4
HOOK,PRINCE_ERIC,,4
HOOK,ADOPTION_AGENT,,4
HOOK,MALCOLM,,4
HOOK,SHADOW,,4
HOOK,WALSH,,4
HOOK,RAPUNZEL,,4
HOOK,LUMIERE,,4
HOOK,BLACK_BEARD,,4
HOOK,JONATHAN,,4
HOOK,PRINCE_LEOPOLD,,4
HOOK,GLINDA,,4
HOOK,DOROTHY,,4
HOOK,ANNA,,4
HOOK,GERDA,,4
HOOK,GRAND_PABBIE,,4
HOOK,KRISTOFF,,4
HOOK,SVEN,,4
HOOK,BO_PEEP,,4
HOOK,INGRID,,4
HOOK,HANS,,4
HOOK,WILL_SCARLET,,4
HOOK,APPRENTICE,,4
HOOK,LILY_PAGE,,4
HOOK,LILYS_ADOPTIVE_FATHER,,4
HOOK,COLETTE,,4
HOOK,DUKE_OF_WESELTON,,4
HOOK,HELGA,,4
HOOK,MADAME_FAUSTINA,,4
HOOK,CRUELLA_DE_VIL,,4
HOOK,KING_STEFAN,,4
HOOK,POSEIDON,,4
HOOK,ISAAC_HELLER,,4
HOOK,MADELINE,,4
HOOK,MERLIN,,4
PAN,ZELENA,,4
PAN,PINOCCHIO,,4
PAN,JIMINY,,4
PAN,HUNTSMAN,,4
PAN,RUBY,,4
PAN,MIRROR,,4
PAN,GRANNY,,4
PAN,GRUMPY,,4
PAN,GEORGE,,4
PAN,ABIGAIL,,4
PAN,CINDERELLA,,4
PAN,THOMAS,,4
PAN,WHALE,,4
PAN,GEPPETTO,,4
PAN,BLUE,,4
PAN,JEFFERSON,,4
PAN,MALEFICENT,,4
PAN,PRINCE_HENRY,,4
PAN,KING,,4
PAN,MARTIN,,4
PAN,MYRNA,,4
PAN,RUTH,,4
PAN,MIDAS,,4
PAN,ZOSO,,4
PAN,BEALFIRE,,4
PAN,HORDOR,,4
PAN,BLIND_WITCH,,4
PAN,HANSEL,,4
PAN,GRETEL,,4
PAN,WOODCUTTER,,4
PAN,THATCHER,,4
PAN,STEALTHY,,4
PAN,LEOPOLD,,4
PAN,MAURICE,,4
PAN,NOVA,,4
PAN,TOMKINS,,4
PAN,PETER,,4
PAN,DANIEL,,4
PAN,CORA,,4
PAN,AURORA,,4
PAN,MULAN,,4
PAN,PRINCE_PHILIP,,4
PAN,WRAITH,,4
PAN,LANCELOT,,4
PAN,MILAH,,4
PAN,SMEE,,4
PAN,IGOR,,4
PAN,VICTOR_FRANKENSTEIN,,4
PAN,ANTON,,4
PAN,ANITA_LUCAS,,4
PAN,QUINN,,4
PAN,CLAUDE,,4
PAN,GREG_MENDELL,,4
PAN,ALPHONSE_FRANKENSTEIN,,4
PAN,GERHARDT_FRANKENSTEIN,,4
PAN,ABRAHAM,,4
PAN,ARLO,,4
PAN,JACK,,4
PAN,SEER,,4
PAN,QUEEN_EVA,,4
PAN,JOHANNA,,4
PAN,TAMARA,,4
PAN,KING_XAVIER,,4
PAN,KURT_FLYNN,,4
PAN,THE_DRAGON,,4
PAN,SHERIFF_OF_NOTTINGHAM,,4
PAN,MARIAN,,4
PAN,ROBIN_HOOD,,4
PAN,JOHN_DARLING,,4
PAN,MICHAEL_DARLING,,4
PAN,THE_SHADOW,,4
PAN,WENDY,,4
PAN,FELIX,,4
PAN,TINKER_BELL,,4
PAN,LIAM,,4
PAN,DEVIN,,4
PAN,ARIEL,,4
PAN,URSULA,,4
PAN,PRINCE_ERIC,,4
PAN,ADOPTION_AGENT,,4
PAN,MALCOLM,,4
PAN,SHADOW,,4
PAN,WALSH,,4
PAN,RAPUNZEL,,4
PAN,LUMIERE,,4
PAN,BLACK_BEARD,,4
PAN,JONATHAN,,4
PAN,PRINCE_LEOPOLD,,4
PAN,GLINDA,,4
PAN,DOROTHY,,4
PAN,ANNA,,4
PAN,GERDA,,4
PAN,GRAND_PABBIE,,4
PAN,KRISTOFF,,4
PAN,SVEN,,4
PAN,BO_PEEP,,4
PAN,INGRID,,4
PAN,HANS,,4
PAN,WILL_SCARLET,,4
PAN,APPRENTICE,,4
PAN,LILY_PAGE,,4
PAN,LILYS_ADOPTIVE_FATHER,,4
PAN,COLETTE,,4
PAN,DUKE_OF_WESELTON,,4
PAN,HELGA,,4
PAN,MADAME_FAUSTINA,,4
PAN,CRUELLA_DE_VIL,,4
PAN,KING_STEFAN,,4
PAN,POSEIDON,,4
PAN,ISAAC_HELLER,,4
PAN,MADELINE,,4
PAN,MERLIN,,4
ZELENA,PINOCCHIO,,4
ZELENA,JIMINY,,4
ZELENA,HUNTSMAN,,4
ZELENA,RUBY,,4
ZELENA,MIRROR,,4
ZELENA,GRANNY,,4
ZELENA,GRUMPY,,4
ZELENA,GEORGE,,4
ZELENA,ABIGAIL,,4
ZELENA,CINDERELLA,,4
ZELENA,THOMAS,,4
ZELENA,WHALE,,4
ZELENA,GEPPETTO,,4
ZELENA,BLUE,,4
ZELENA,JEFFERSON,,4
ZELENA,MALEFICENT,,4
ZELENA,PRINCE_HENRY,,4
ZELENA,KING,,4
ZELENA,MARTIN,,4
ZELENA,MYRNA,,4
ZELENA,RUTH,,4
ZELENA,MIDAS,,4
ZELENA,ZOSO,,4
ZELENA,BEALFIRE,,4
ZELENA,HORDOR,,4
ZELENA,BLIND_WITCH,,4
ZELENA,HANSEL,,4
ZELENA,GRETEL,,4
ZELENA,WOODCUTTER,,4
ZELENA,THATCHER,,4
ZELENA,STEALTHY,,4
ZELENA,LEOPOLD,,4
ZELENA,MAURICE,,4
ZELENA,NOVA,,4
ZELENA,TOMKINS,,4
ZELENA,PETER,,4
ZELENA,DANIEL,,4
ZELENA,CORA,,4
ZELENA,AURORA,,4
ZELENA,MULAN,,4
ZELENA,PRINCE_PHILIP,,4
ZELENA,WRAITH,,4
ZELENA,LANCELOT,,4
ZELENA,MILAH,,4
ZELENA,SMEE,,4
ZELENA,IGOR,,4
ZELENA,VICTOR_FRANKENSTEIN,,4
ZELENA,ANTON,,4
ZELENA,ANITA_LUCAS,,4
ZELENA,QUINN,,4
ZELENA,CLAUDE,,4
ZELENA,GREG_MENDELL,,4
ZELENA,ALPHONSE_FRANKENSTEIN,,4
ZELENA,GERHARDT_FRANKENSTEIN,,4
ZELENA,ABRAHAM,,4
ZELENA,ARLO,,4
ZELENA,JACK,,4
ZELENA,SEER,,4
ZELENA,QUEEN_EVA,,4
ZELENA,JOHANNA,,4
ZELENA,TAMARA,,4
ZELENA,KING_XAVIER,,4
ZELENA,KURT_FLYNN,,4
ZELENA,THE_DRAGON,,4
ZELENA,SHERIFF_OF_NOTTINGHAM,,4
ZELENA,MARIAN,,4
ZELENA,ROBIN_HOOD,,4
ZELENA,JOHN_DARLING,,4
ZELENA,MICHAEL_DARLING,,4
ZELENA,THE_SHADOW,,4
ZELENA,WENDY,,4
ZELENA,FELIX,,4
ZELENA,TINKER_BELL,,4
ZELENA,LIAM,,4
ZELENA,DEVIN,,4
ZELENA,ARIEL,,4
ZELENA,URSULA,,4
ZELENA,PRINCE_ERIC,,4
ZELENA,ADOPTION_AGENT,,4
ZELENA,MALCOLM,,4
ZELENA,SHADOW,,4
ZELENA,WALSH,,4
ZELENA,RAPUNZEL,,4
ZELENA,LUMIERE,,4
ZELENA,BLACK_BEARD,,4
ZELENA,JONATHAN,,4
ZELENA,PRINCE_LEOPOLD,,4
ZELENA,GLINDA,,4
ZELENA,DOROTHY,,4
ZELENA,ANNA,,4
ZELENA,GERDA,,4
ZELENA,GRAND_PABBIE,,4
ZELENA,KRISTOFF,,4
ZELENA,SVEN,,4
ZELENA,BO_PEEP,,4
ZELENA,INGRID,,4
ZELENA,HANS,,4
ZELENA,WILL_SCARLET,,4
ZELENA,APPRENTICE,,4
ZELENA,LILY_PAGE,,4
ZELENA,LILYS_ADOPTIVE_FATHER,,4
ZELENA,COLETTE,,4
ZELENA,DUKE_OF_WESELTON,,4
ZELENA,HELGA,,4
ZELENA,MADAME_FAUSTINA,,4
ZELENA,CRUELLA_DE_VIL,,4
ZELENA,KING_STEFAN,,4
ZELENA,POSEIDON,,4
ZELENA,ISAAC_HELLER,,4
ZELENA,MADELINE,,4
ZELENA,MERLIN,,